<keymap version="1" name="XWin copy" parent="Default for XWin">
  <action id="Arrangement.Rule.Edit" />
  <action id="Back">
    <mouse-shortcut keystroke="button4" />
    <keyboard-shortcut first-keystroke="alt left" />
  </action>
  <action id="BookmarksView.Rename" />
  <action id="ChangesView.Rename">
    <keyboard-shortcut first-keystroke="shift f6" />
  </action>
  <action id="CloseContent">
    <keyboard-shortcut first-keystroke="ctrl f4" />
    <keyboard-shortcut first-keystroke="ctrl w" />
  </action>
  <action id="Console.TableResult.EditValue">
    <keyboard-shortcut first-keystroke="enter" />
    <keyboard-shortcut first-keystroke="alt enter" />
  </action>
  <action id="ContextHelp" />
  <action id="EditorSelectWord" />
  <action id="FindUsages">
    <keyboard-shortcut first-keystroke="alt f7" />
    <keyboard-shortcut first-keystroke="alt f" />
  </action>
  <action id="Forward">
    <mouse-shortcut keystroke="button5" />
    <keyboard-shortcut first-keystroke="alt right" />
  </action>
  <action id="Git.Rename.Local.Branch">
    <keyboard-shortcut first-keystroke="shift f6" />
  </action>
  <action id="Git.Reword.Commit">
    <keyboard-shortcut first-keystroke="shift f6" />
  </action>
  <action id="GotoNextError" />
  <action id="MultiHighlight">
    <keyboard-shortcut first-keystroke="ctrl quote" />
    <keyboard-shortcut first-keystroke="f1" />
  </action>
  <action id="MultiHighlight.ClearAction">
    <keyboard-shortcut first-keystroke="f2" />
  </action>
  <action id="NextTab" />
  <action id="PreviousTab" />
  <action id="ShelvedChanges.Rename">
    <keyboard-shortcut first-keystroke="shift f6" />
  </action>
  <action id="SmartSelect" />
  <action id="Table-startEditing" />
  <action id="TableResult.GrowSelection" />
  <action id="Tree-startEditing" />
  <action id="UsageFiltering.WriteAccess" />
  <action id="XDebugger.SetValue" />
</keymap>